insert into owners (id, firstname, lastname, driverlicense) values ('8ea234d4-a799-483a-8904-6367c6726bbf', 'Dasha', 'Burdin', '384-07-6667');
insert into owners (id, firstname, lastname, driverlicense) values ('25897311-d573-4418-9114-bb12c673e5be', 'Anatola', 'Driscoll', '767-21-0412');
insert into owners (id, firstname, lastname, driverlicense) values ('54075f4c-be27-4598-a37d-c4f5b8cbe2a7', 'Brocky', 'Kment', '773-10-8326');
insert into owners (id, firstname, lastname, driverlicense) values ('cdc50211-f8e8-4d5d-87cd-6a7ad539a71a', 'Paulie', 'Mulcahy', '428-51-0731');
insert into owners (id, firstname, lastname, driverlicense) values ('2d9f0a98-1118-4360-90e7-a8ab217a223c', 'Rania', 'Gilbey', '356-15-4308');
insert into owners (id, firstname, lastname, driverlicense) values ('f8ac134c-5256-4380-9621-62ece78ea2b5', 'Rosetta', 'Priel', '499-46-5422');
insert into owners (id, firstname, lastname, driverlicense) values ('3803b0cf-011e-4c2b-b9e8-1f675214a5bc', 'Billie', 'Guthrum', '499-20-8125');
insert into owners (id, firstname, lastname, driverlicense) values ('08d5a84b-84d9-49c3-b066-fb5ba58b8b84', 'Tobe', 'Da Costa', '578-01-0405');
insert into owners (id, firstname, lastname, driverlicense) values ('88d29613-955e-4c59-9635-5286a0abba53', 'Janey', 'Challener', '728-14-6308');
insert into owners (id, firstname, lastname, driverlicense) values ('cf866c63-23b1-4105-aacb-e2c31ddd58cf', 'Terrence', 'Frondt', '827-91-1001');

insert into vehicles (id, brand, vin, color, year, owner_id) values ('3b326241-436c-43b1-8b19-e3f9922f5672', 'Saturn', 'WAULL44E15N118289', 'Indigo', 1994, '2d9f0a98-1118-4360-90e7-a8ab217a223c');
insert into vehicles (id, brand, vin, color, year, owner_id) values ('cfca1254-e8d1-4444-a60c-f736e1b65240', 'Cadillac', 'WAUGL98E48A752944', 'Violet', 1998, '3803b0cf-011e-4c2b-b9e8-1f675214a5bc');
insert into vehicles (id, brand, vin, color, year, owner_id) values ('7c92b199-98a3-4cd5-95fa-53ce8d431227', 'Mercedes-Benz', 'WA1YD54B14N236272', 'Aquamarine', 2012, '08d5a84b-84d9-49c3-b066-fb5ba58b8b84');
insert into vehicles (id, brand, vin, color, year, owner_id) values ('5e1e42b9-0859-429d-abf3-d76eeb9b8877', 'Ford', '1G4GA5ER8CF638817', 'Green', 1994, 'f8ac134c-5256-4380-9621-62ece78ea2b5');
insert into vehicles (id, brand, vin, color, year, owner_id) values ('00c97148-aefb-4f59-bb46-12ad29008f5f', 'Chevrolet', '3D73Y3HL9BG841079', 'Aquamarine', 1996, '08d5a84b-84d9-49c3-b066-fb5ba58b8b84');
insert into vehicles (id, brand, vin, color, year, owner_id) values ('8bb6e50e-1cee-4c30-9c5c-3d4c2a4e4295', 'Lexus', 'WAUSH78E28A457082', 'Khaki', 2010, '88d29613-955e-4c59-9635-5286a0abba53');
insert into vehicles (id, brand, vin, color, year, owner_id) values ('79368927-b724-4a8e-9e08-3c3f56bf5f44', 'Ford', '3D7TT2HT1BG800213', 'Puce', 2001, '54075f4c-be27-4598-a37d-c4f5b8cbe2a7');
insert into vehicles (id, brand, vin, color, year, owner_id) values ('b7974422-f24e-421b-8923-bf3f134dad1f', 'Chrysler', 'JTDKTUD36ED038263', 'Red', 1993, '54075f4c-be27-4598-a37d-c4f5b8cbe2a7');
insert into vehicles (id, brand, vin, color, year, owner_id) values ('f9607fb7-d304-4c22-b88a-d5c4cf870645', 'Mazda', 'YV1612FH7E1803044', 'Blue', 2008, '54075f4c-be27-4598-a37d-c4f5b8cbe2a7');
insert into vehicles (id, brand, vin, color, year, owner_id) values ('f880c5fc-23e5-4f99-a805-b56bf3fbc49d', 'Isuzu', 'WAUAF78E77A407262', 'Purple', 2003, 'f8ac134c-5256-4380-9621-62ece78ea2b5');
insert into vehicles (id, brand, vin, color, year, owner_id) values ('8a4b6d31-a692-4244-92d7-f9be47140db2', 'Ford', 'JH4KB16558C772983', 'Maroon', 1987, '2d9f0a98-1118-4360-90e7-a8ab217a223c');
insert into vehicles (id, brand, vin, color, year, owner_id) values ('1017c611-259a-47ad-baf1-0f9a6e680b9d', 'Toyota', 'KNAGM4AD7B5927625', 'Green', 2003, '8ea234d4-a799-483a-8904-6367c6726bbf');
insert into vehicles (id, brand, vin, color, year, owner_id) values ('a7101837-fe44-4c55-bcc5-3e328ac91249', 'Volkswagen', '5NPDH4AE0EH506322', 'Mauv', 1986, '08d5a84b-84d9-49c3-b066-fb5ba58b8b84');
insert into vehicles (id, brand, vin, color, year, owner_id) values ('a9434b25-4bfb-4ead-93d9-647939a63a25', 'Lexus', '1D7RV1CPXBS142523', 'Teal', 2013, '8ea234d4-a799-483a-8904-6367c6726bbf');
insert into vehicles (id, brand, vin, color, year, owner_id) values ('033f34d0-ca61-4cc0-a527-d72f9dc55ee9', 'Pontiac', 'WBANF73587C414654', 'Goldenrod', 2007, '08d5a84b-84d9-49c3-b066-fb5ba58b8b84');
insert into vehicles (id, brand, vin, color, year, owner_id) values ('6563ffdb-ded2-4440-be8f-73ced2b7224b', 'Cadillac', 'WBAPK5G53BN881237', 'Aquamarine', 2010, 'f8ac134c-5256-4380-9621-62ece78ea2b5');
insert into vehicles (id, brand, vin, color, year, owner_id) values ('961523c5-fbde-41d0-9d45-5b3e0760e867', 'Chevrolet', '1GYUCBEF2AR801733', 'Indigo', 2011, '25897311-d573-4418-9114-bb12c673e5be');
insert into vehicles (id, brand, vin, color, year, owner_id) values ('1b451522-21bb-4afb-b9b2-de60d50f1011', 'Subaru', '1FTWF3C54AE950462', 'Fuscia', 2007, '2d9f0a98-1118-4360-90e7-a8ab217a223c');
insert into vehicles (id, brand, vin, color, year, owner_id) values ('08f98eb2-c79a-44c7-83cd-b431e22f799a', 'Chevrolet', 'KNADH4A30A6685168', 'Aquamarine', 1992, '08d5a84b-84d9-49c3-b066-fb5ba58b8b84');
insert into vehicles (id, brand, vin, color, year, owner_id) values ('24bf94c4-bab1-4757-bcde-b4ba93107224', 'BMW', 'WBA3T1C54FP486956', 'Mauv', 2003, '2d9f0a98-1118-4360-90e7-a8ab217a223c');


insert into claims (id, description, status, date, vehicle_id) values ('8640f09e-96ca-4e6e-a6b9-8af5acdc9390', 'Crocodylus niloticus', 'Marmota monax', '2022-05-22', '24bf94c4-bab1-4757-bcde-b4ba93107224');
insert into claims (id, description, status, date, vehicle_id) values ('c62a4f67-4abd-411c-b7a8-649f98f474c6', 'Charadrius tricollaris', 'Vulpes chama', '2022-01-04', 'a7101837-fe44-4c55-bcc5-3e328ac91249');
insert into claims (id, description, status, date, vehicle_id) values ('e976d7ec-34a3-436b-995c-3e7986ff17a8', 'Ephippiorhynchus mycteria', 'Naja haje', '2021-11-25', '00c97148-aefb-4f59-bb46-12ad29008f5f');
insert into claims (id, description, status, date, vehicle_id) values ('de93bff2-a97f-4e73-a866-c690c27ef3e2', 'Macaca mulatta', 'Francolinus swainsonii', '2021-12-04', 'a7101837-fe44-4c55-bcc5-3e328ac91249');
insert into claims (id, description, status, date, vehicle_id) values ('0025185e-0052-492f-83b0-e51b318c72fb', 'Spermophilus parryii', 'Lutra canadensis', '2022-05-17', 'a9434b25-4bfb-4ead-93d9-647939a63a25');
insert into claims (id, description, status, date, vehicle_id) values ('3295363c-f339-491b-85e9-99cf37456b65', 'Phaethon aethereus', 'Hydrochoerus hydrochaeris', '2022-03-29', '961523c5-fbde-41d0-9d45-5b3e0760e867');
insert into claims (id, description, status, date, vehicle_id) values ('9dcbfb42-2387-4a33-828b-3029c318ea1f', 'Castor fiber', 'Cervus duvauceli', '2022-05-07', '3b326241-436c-43b1-8b19-e3f9922f5672');
insert into claims (id, description, status, date, vehicle_id) values ('e94ac4dc-645e-4104-a6b2-3466d5257db4', 'Myiarchus tuberculifer', 'Hystrix cristata', '2022-10-11', '08f98eb2-c79a-44c7-83cd-b431e22f799a');
insert into claims (id, description, status, date, vehicle_id) values ('0f1f7f78-b670-4f11-93cf-4287e03b41b7', 'Felis silvestris lybica', 'Antilope cervicapra', '2022-02-23', '8bb6e50e-1cee-4c30-9c5c-3d4c2a4e4295');
insert into claims (id, description, status, date, vehicle_id) values ('8b805247-5729-49cd-b354-93f32c156be9', 'Tamandua tetradactyla', 'Felis silvestris lybica', '2022-10-03', '1b451522-21bb-4afb-b9b2-de60d50f1011');
insert into claims (id, description, status, date, vehicle_id) values ('c1945822-4653-456c-8dbe-e764b215228f', 'Pseudocheirus peregrinus', 'Bettongia penicillata', '2022-07-29', '033f34d0-ca61-4cc0-a527-d72f9dc55ee9');
insert into claims (id, description, status, date, vehicle_id) values ('2e874f97-fe91-4f90-9c00-c88d7d40a9af', 'Junonia genoveua', 'Dicrostonyx groenlandicus', '2022-11-03', '08f98eb2-c79a-44c7-83cd-b431e22f799a');
insert into claims (id, description, status, date, vehicle_id) values ('f28ab3d0-1a2b-4c45-a0a2-ce923f959322', 'Bettongia penicillata', 'Heloderma horridum', '2022-11-17', 'f880c5fc-23e5-4f99-a805-b56bf3fbc49d');
insert into claims (id, description, status, date, vehicle_id) values ('34073cbd-ffce-44a5-bc07-35446fbf350f', 'Eolophus roseicapillus', 'Tadorna tadorna', '2021-12-06', '3b326241-436c-43b1-8b19-e3f9922f5672');
insert into claims (id, description, status, date, vehicle_id) values ('1c25a148-7668-41ad-b798-baa95118172e', 'Pterocles gutturalis', 'Eolophus roseicapillus', '2021-12-18', '1b451522-21bb-4afb-b9b2-de60d50f1011');
insert into claims (id, description, status, date, vehicle_id) values ('c87bc335-aec0-4154-93bd-36787711e48d', 'Ploceus rubiginosus', 'Canis mesomelas', '2022-10-30', '7c92b199-98a3-4cd5-95fa-53ce8d431227');
insert into claims (id, description, status, date, vehicle_id) values ('40f40416-ceea-4b46-a713-aff7e7b16c11', 'Fregata magnificans', 'Canis lupus', '2022-07-23', '24bf94c4-bab1-4757-bcde-b4ba93107224');
insert into claims (id, description, status, date, vehicle_id) values ('0f1b7a54-5267-402b-ae9e-7066d76c0b79', 'Haliaetus leucogaster', 'Xerus sp.', '2022-01-06', 'f9607fb7-d304-4c22-b88a-d5c4cf870645');
insert into claims (id, description, status, date, vehicle_id) values ('2e0ca4d4-3268-43f6-aea8-516d6c46769c', 'Tayassu pecari', 'Herpestes javanicus', '2021-12-22', '1017c611-259a-47ad-baf1-0f9a6e680b9d');
insert into claims (id, description, status, date, vehicle_id) values ('56e15c76-c3d7-4f44-bd57-ebe1b8a28774', 'Procyon cancrivorus', 'Felis chaus', '2022-02-22', '5e1e42b9-0859-429d-abf3-d76eeb9b8877');
insert into claims (id, description, status, date, vehicle_id) values ('4286ec25-1f5e-4a76-bdc1-addb083bfc13', 'Trachyphonus vaillantii', 'Crotalus adamanteus', '2022-04-30', '6563ffdb-ded2-4440-be8f-73ced2b7224b');
insert into claims (id, description, status, date, vehicle_id) values ('d8ab498d-14f2-4f3e-8782-717052fc5a69', 'Funambulus pennati', 'Pseudocheirus peregrinus', '2022-05-18', '08f98eb2-c79a-44c7-83cd-b431e22f799a');
insert into claims (id, description, status, date, vehicle_id) values ('5759f8dc-2414-44d2-b4f7-f82aaa934b6b', 'Carduelis uropygialis', 'Bassariscus astutus', '2022-10-01', 'cfca1254-e8d1-4444-a60c-f736e1b65240');
insert into claims (id, description, status, date, vehicle_id) values ('1c583ac1-69aa-48c1-9e33-0c1dbf4c0d19', 'Mustela nigripes', 'Vanellus armatus', '2022-02-01', 'b7974422-f24e-421b-8923-bf3f134dad1f');
insert into claims (id, description, status, date, vehicle_id) values ('1fde459b-3565-46db-b575-9bbeb5cdec98', 'Morelia spilotes variegata', 'Uraeginthus granatina', '2021-11-20', '3b326241-436c-43b1-8b19-e3f9922f5672');
insert into claims (id, description, status, date, vehicle_id) values ('0d127168-c35e-4123-a07d-5ea6a884a357', 'Paraxerus cepapi', 'Ninox superciliaris', '2022-09-05', '033f34d0-ca61-4cc0-a527-d72f9dc55ee9');
insert into claims (id, description, status, date, vehicle_id) values ('03573ba8-cf34-40be-a8ef-ada2b4cdfe30', 'Isoodon obesulus', 'Chauna torquata', '2022-02-03', 'b7974422-f24e-421b-8923-bf3f134dad1f');
insert into claims (id, description, status, date, vehicle_id) values ('726642d2-2d2c-4efa-98ce-3c3aed44081d', 'Cordylus giganteus', 'Dendrocygna viduata', '2022-02-19', '08f98eb2-c79a-44c7-83cd-b431e22f799a');
insert into claims (id, description, status, date, vehicle_id) values ('45afea65-8c19-4323-8e4e-320b2fdd00ef', 'Milvus migrans', 'Pycnonotus nigricans', '2021-12-23', '24bf94c4-bab1-4757-bcde-b4ba93107224');
insert into claims (id, description, status, date, vehicle_id) values ('2e984c61-99b3-4916-b834-b4d7d6b5fa5a', 'Dasypus novemcinctus', 'Bison bison', '2022-09-09', '1017c611-259a-47ad-baf1-0f9a6e680b9d');